Primer.ID;Ampl.Nm;Primer.FW;Primer.RV;FW.pos;RV.pos;FW.tpos;RV.tpos
Nsp12A1;N1;GGATGTAAACTTACATAGCTCTA;GATTTGTCTAGGTTGTTGACGA;14511;14942;14536;14919
Nsp12A2;N2;GATGGTGGCTGTATTAATGCT;GGGATGGCTCTATCACATTTA;14890;15320;14911;15297
Nsp12A3;N3;GAAAACCCTCACCTTATGGG;AGAGAGTATCATCATTGAGAAA;15268;15717;15289;15693
Nsp12A4;N4;GATGTTGACACAGACTTTGTGAA;CAGCATACTCCTGATTAGGAT;15646;16075;15670;16053
SpkA1;S1;GGCTGCGTTATAGCTTGGA;CAGCATCAGTAGTGTCAGCA;22853;23288;22874;23266
SpkA2;S2;GTTTCTGCCTTTCCAACAATTTG;CTGCACCAAGTGACATAGTGT;23236;23666;23261;23644
SpkA1alpha;S1alpha;GGTACTGCTGTTATGTCTTTAAAA;CTTATTATGTTAGACTTCTCAGTGGA;21424;21867;21448;21841
SpkA2alpha;S2alpha;GTTTTACATTCAACTCAGGACTTGTT;CAATATTCTTAAACACAAATTCCCTAA;21701;22154;21727;22126
SpkA3alpha;S3alpha;CTTATGGACCTTGAAGGAAAACA;GATTCTGTTGGTTGGACTCTA;22088;22536;22112;22513
SpkA4alpha;S4alpha;GTACGTTGAAATCCTTCACTGTA;CCACCAACCTTAGAATCAAGAT;22464;22902;22487;22879